no_polygon,kebun,afdeling,kode_blok,koordinat
,Unit Bekri,Afdeling I,KR000A,"-5.4070653981651,105.119061061002"
,Unit Bekri,Afdeling I,KR003A,"-5.35591675240598,105.139423424346"
,Unit Bekri,Afdeling I,KR003B,"-5.365808698037,105.13384032144"
,Unit Bekri,Afdeling I,KR003C,"-5.36346318606621,105.137722635671"
,Unit Bekri,Afdeling I,KR003D,"-5.36545388706994,105.138958799176"
,Unit Bekri,Afdeling I,KR004A,"-5.35236807457605,105.117243259352"
,Unit Bekri,Afdeling I,KR004B,"-5.36205743818046,105.129472668472"
,Unit Bekri,Afdeling I,KR005A,"-5.34683231708341,105.116626359355"
,Unit Bekri,Afdeling I,KR005B,"-5.4057949748523,105.098708626953"
,Unit Bekri,Afdeling I,KR005C,"-5.40129349596036,105.101794811541"
,Unit Bekri,Afdeling I,KR006A,"-5.34215711796855,105.101436829028"
,Unit Bekri,Afdeling I,KR006A,"-5.36964509930956,105.112507450617"
,Unit Bekri,Afdeling I,KR006B,"-5.33530154352269,105.158442492214"
,Unit Bekri,Afdeling I,KR007A,"-5.36457458723053,105.117672976988"
,Unit Bekri,Afdeling I,KR007A,"-5.36098289471773,105.120854414075"
,Unit Bekri,Afdeling I,KR007A,"-5.36875570741307,105.119939170448"
,Unit Bekri,Afdeling I,KR007B,"-5.33828344511353,105.153617308108"
,Unit Bekri,Afdeling I,KR007C,"-5.33781111112483,105.16387835332"
,Unit Bekri,Afdeling I,KR008A,"-5.34397922621246,105.136691379232"
,Unit Bekri,Afdeling I,KR008B,"-5.37778112202907,105.147649792287"
,Unit Bekri,Afdeling I,KR008C,"-5.40752680055795,105.115698315627"
,Unit Bekri,Afdeling I,KR009A,"-5.34233759677625,105.153468687604"
,Unit Bekri,Afdeling I,KR009B,"-5.34436752789951,105.162708298762"
,Unit Bekri,Afdeling I,KR009C,"-5.39409312703322,105.133106576567"
,Unit Bekri,Afdeling I,KR013A,"-5.37301084892686,105.115651763579"
,Unit Bekri,Afdeling I,KR013B,"-5.40702780828322,105.110041677072"
,Unit Bekri,Afdeling I,KR013C,"-5.40144391377392,105.116655352825"
,Unit Bekri,Afdeling I,KR933A,"-5.34774304626288,105.137317890686"
,Unit Bekri,Afdeling I,KR992A,"-5.40087218879227,105.113088565047"
,Unit Bekri,Afdeling I,KR992B,"-5.40034760527143,105.105577921733"
,Unit Bekri,Afdeling I,KR992C,"-5.36558750981603,105.129843379752"
,Unit Bekri,Afdeling I,KR993B,"-5.37416501222537,105.143936501596"
,Unit Bekri,Afdeling I,KR993C,"-5.38209314174168,105.118132931815"
,Unit Bekri,Afdeling I,KR993D,"-5.39602422830141,105.127124091354"
,Unit Bekri,Afdeling I,KR994A,"-5.33634047732472,105.150315747831"
,Unit Bekri,Afdeling I,KR994B,"-5.39876819035992,105.114602778367"
,Unit Bekri,Afdeling I,KR995A,"-5.39494682163073,105.110305321155"
,Unit Bekri,Afdeling I,KR995A,"-5.39593112610272,105.1121463066"
,Unit Bekri,Afdeling I,KR995B,"-5.39087844304449,105.117207255241"
,Unit Bekri,Afdeling I,KR995C,"-5.38553257761676,105.117502925033"
,Unit Bekri,Afdeling I,KR997A,"-5.35209376703428,105.13850596451"
,Unit Bekri,Afdeling I,KR997A,"-5.3605610579694,105.138895833232"
,Unit Bekri,Afdeling I,KR997B,"-5.35293349989576,105.13325214605"
,Unit Bekri,Afdeling I,KR997C,"-5.39441037127643,105.130480056031"
,Unit Bekri,Afdeling I,KR998A,"-5.372516934825,105.139908679199"
,Unit Bekri,Afdeling I,KR998B,"-5.38206993208435,105.150905161693"
,Unit Bekri,Afdeling I,KR998C,"-5.38210949771916,105.155723453311"
,Unit Bekri,Afdeling I,KR999A,"-5.34764306044239,105.109288237869"
,Unit Bekri,Afdeling I,KR999B,"-5.35612393390927,105.125337329612"
,Unit Bekri,Afdeling I,KR999C,"-5.40333414030833,105.116128892219"
,Unit Bekri,Afdeling I,,"-5.36838226972653,105.121128502088"
,Unit Bekri,Afdeling I,,"-5.36785508275591,105.124336582888"
,Unit Bekri,Afdeling I,,"-5.36945432826239,105.12459363304"
,Unit Bekri,Afdeling I,,"-5.3652490289791,105.116614774123"
,Unit Bekri,Afdeling I,,"-5.36146840739381,105.135176068615"
,Unit Bekri,Afdeling I,,"-5.36508563080211,105.119132797393"
,Unit Bekri,Afdeling I,,"-5.34383204643298,105.111421590984"
,Unit Bekri,Afdeling I,,"-5.36639499294527,105.121670696279"
,Unit Bekri,Afdeling I,,"-5.36452986749681,105.120815344109"
,Unit Bekri,Afdeling I,,"-5.36756084244861,105.119585285481"
,Unit Bekri,Afdeling I,,"-5.38209580283574,105.144728404651"
,Unit Bekri,Afdeling I,,"-5.37121964954633,105.127242114028"
,Unit Bekri,Afdeling I,,"-5.34091245948696,105.106169605621"
,Unit Bekri,Afdeling I,,"-5.37057708065958,105.126372350345"
,Unit Bekri,Afdeling I,,"-5.34217784677484,105.109962992488"
,Unit Bekri,Afdeling I,,"-5.37124491529407,105.126540519895"
,Unit Bekri,Afdeling I,,"-5.33957938440362,105.10710716956"
,Unit Bekri,Afdeling I,,"-5.34092415160908,105.107326911067"
,Unit Bekri,Afdeling I,,"-5.37040048325006,105.126272377571"
,Unit Bekri,Afdeling I,,"-5.40655174697263,105.104179539191"
,Unit Bekri,Afdeling I,,"-5.37819006365076,105.147125595088"
,Unit Bekri,Afdeling I,,"-5.3700791609496,105.116899741474"
,Unit Bekri,Afdeling I,,"-5.36347576341038,105.121657881937"
,Unit Bekri,Afdeling I,,"-5.40054735693053,105.114619928856"
,Unit Bekri,Afdeling I,,"-5.37792615860777,105.152860188978"
,Unit Bekri,Afdeling I,,"-5.39461128515082,105.131777986635"
,Unit Bekri,Afdeling I,,"-5.34188458663286,105.162170258333"
,Unit Bekri,Afdeling I,,"-5.40763543045204,105.109698185336"
,Unit Bekri,Afdeling I,,"-5.33876404138403,105.148263093464"
,Unit Bekri,Afdeling I,,"-5.36848051179309,105.121178392356"
,Unit Bekri,Afdeling I,,"-5.36574545819878,105.120805594223"
,Unit Bekri,Afdeling I,,"-5.36624589458398,105.121312119087"
,Unit Bekri,Afdeling I,,"-5.36618921767867,105.120918617098"
,Unit Bekri,Afdeling I,,"-5.36250822373035,105.135574781813"
,Unit Bekri,Afdeling I,,"-5.34148800066994,105.157523938562"
,Unit Bekri,Afdeling I,,"-5.39398868727224,105.106582435192"
,Unit Bekri,Afdeling I,,"-5.36701298560905,105.122023912342"
,Unit Bekri,Afdeling I,,"-5.36830808292413,105.123656426387"
,Unit Bekri,Afdeling I,,"-5.40591892476732,105.097947242833"
,Unit Bekri,Afdeling I,,"-5.3996968622148,105.103039665733"
,Unit Bekri,Afdeling I,,"-5.39692632742248,105.111442028831"
,Unit Bekri,Afdeling III,,"-5.39560917825351,105.107780334049"
7000019,Unit Bergen,Afdeling I,KR007A,"-5.33740066921928,105.4197158726"
7000062,Unit Bergen,Afdeling I,KR007B,"-5.3366713872864,105.441444729191"
7000075,Unit Bergen,Afdeling I,KR008A,"-5.3300372624147,105.42372992404"
7000032,Unit Bergen,Afdeling I,KR008B,"-5.32984944229997,105.430728569127"
7000031,Unit Bergen,Afdeling I,KR008C,"-5.32539988092106,105.440592043653"
7000033,Unit Bergen,Afdeling I,KR009A,"-5.31585553448112,105.452330481632"
7000021,Unit Bergen,Afdeling I,KR009B,"-5.31946499255187,105.457892663775"
7000018,Unit Bergen,Afdeling I,KR013A,"-5.34094890118593,105.447630049545"
7000066,Unit Bergen,Afdeling I,KR013B,"-5.32915310998354,105.444706869192"
7000064,Unit Bergen,Afdeling I,KR997A,"-5.33969186357047,105.426311718704"
7000065,Unit Bergen,Afdeling I,KR997B,"-5.33410109221939,105.43473846622"
7000022,Unit Bergen,Afdeling I,KR997C,"-5.33122073540689,105.440781877526"
7000030,Unit Bergen,Afdeling I,KR999A,"-5.33329600086057,105.458977237897"
7000028,Unit Bergen,Afdeling I,KR999B,"-5.32687089575553,105.448902743547"
7000023,Unit Bergen,Afdeling I,KR999C,"-5.33887504174112,105.449881109238"
7000025,Unit Bergen,Afdeling I,KR999D,"-5.3367228497944,105.447933626664"
7000026,Unit Bergen,Afdeling I,KR999E,"-5.33712907247372,105.450119532916"
7000024,Unit Bergen,Afdeling I,KR999F,"-5.33890200075325,105.452025769068"
7000046,Unit Bergen,Afdeling I,KR999G,"-5.33602530228653,105.450114444967"
7000029,Unit Bergen,Afdeling I,KR999H,"-5.33233545337191,105.450340011992"
7000020,Unit Bergen,Afdeling I,KR999I,"-5.32666134129567,105.457468036345"
7000027,Unit Bergen,Afdeling I,KR999J,"-5.3360034982036,105.454940446573"
7000052,Unit Bergen,Afdeling I,,"-5.6634170595004,105.49168097469"
7000051,Unit Bergen,Afdeling I,,"-5.66384313189072,105.494427472267"
7000056,Unit Bergen,Afdeling I,,"-5.64357478501686,105.515268745461"
7000059,Unit Bergen,Afdeling I,,"-5.42452102227356,105.452082115313"
7000079,Unit Bergen,Afdeling I,,"-5.36105160985451,105.438465923893"
7000078,Unit Bergen,Afdeling I,,"-5.65225177747205,105.496989384089"
7000076,Unit Bergen,Afdeling I,,"-5.41183310289404,105.449852191443"
7000057,Unit Bergen,Afdeling I,,"-5.46249319202561,105.4577544279"
7000055,Unit Bergen,Afdeling I,,"-5.32790771317964,105.444613002091"
7000054,Unit Bergen,Afdeling I,,"-5.37451776683237,105.438971487322"
7000053,Unit Bergen,Afdeling I,,"-5.67290778888431,105.508282890655"
7000050,Unit Bergen,Afdeling I,,"-5.31656245749921,105.42520945977"
7000011,Unit Bergen,Afdeling II,KR004A,"-5.36494670455682,105.424751521895"
7000071,Unit Bergen,Afdeling II,KR005A,"-5.35180253269231,105.42831429666"
7000016,Unit Bergen,Afdeling II,KR006A,"-5.35411533410264,105.420296315953"
7000010,Unit Bergen,Afdeling II,KR009C,"-5.36411951934856,105.431609637377"
7000015,Unit Bergen,Afdeling II,KR010A,"-5.37256527818795,105.413450989144"
7000072,Unit Bergen,Afdeling II,KR011A,"-5.35739994974738,105.433390608213"
7000067,Unit Bergen,Afdeling II,KR012A,"-5.3441536764185,105.43297789172"
7000063,Unit Bergen,Afdeling II,KR012B,"-5.3419218537135,105.432842914637"
7000034,Unit Bergen,Afdeling II,KR012C,"-5.34492656910749,105.422597208379"
7000013,Unit Bergen,Afdeling II,KR013C,"-5.36094738849827,105.42063118957"
7000012,Unit Bergen,Afdeling II,KR2003,"-5.36490353062462,105.423024610674"
7000073,Unit Bergen,Afdeling II,KR996A,"-5.34921301116006,105.434873544091"
7000058,Unit Bergen,Afdeling II,,"-5.35453290360194,105.439995298695"
7000009,Unit Bergen,Afdeling III,KR004B,"-5.35830545948349,105.447025302457"
7000080,Unit Bergen,Afdeling III,KR004C,"-5.39321661803435,105.432155356693"
7000047,Unit Bergen,Afdeling III,KR004D,"-5.39314784852704,105.438769565126"
7000008,Unit Bergen,Afdeling III,KR005B,"-5.35959705109487,105.457846781408"
7000049,Unit Bergen,Afdeling III,KR005C,"-5.36433829361468,105.462126253206"
7000070,Unit Bergen,Afdeling III,KR006B,"-5.35293846383625,105.449242524923"
7000060,Unit Bergen,Afdeling III,KR006C,"-5.38531978596492,105.436444667535"
7000017,Unit Bergen,Afdeling III,KR007C,"-5.34611225824963,105.449735324324"
7000001,Unit Bergen,Afdeling III,KR009D,"-5.38744592407099,105.445067845767"
7000041,Unit Bergen,Afdeling III,KR009E,"-5.64284260528292,105.515849108576"
7000037,Unit Bergen,Afdeling III,KR009F,"-5.64994995173114,105.51093323702"
7000042,Unit Bergen,Afdeling III,KR009G,"-5.64706352940264,105.51154047638"
7000038,Unit Bergen,Afdeling III,KR009H,"-5.65557239129878,105.512058710597"
7000068,Unit Bergen,Afdeling III,KR010B,"-5.35260633630111,105.443897898264"
7000002,Unit Bergen,Afdeling III,KR010C,"-5.38160963505963,105.42335483066"
7000061,Unit Bergen,Afdeling III,KR010D,"-5.37927976984119,105.44130818612"
7000074,Unit Bergen,Afdeling III,KR010E,"-5.64679806009382,105.521868986946"
7000044,Unit Bergen,Afdeling III,KR010F,"-5.65485569139509,105.507607998987"
7000043,Unit Bergen,Afdeling III,KR010G,"-5.65813628912743,105.508394800421"
7000045,Unit Bergen,Afdeling III,KR010H,"-5.65700154861838,105.502731712014"
7000035,Unit Bergen,Afdeling III,KR011B,"-5.36829494028672,105.449448118055"
7000006,Unit Bergen,Afdeling III,KR011C,"-5.37341545306746,105.450906126104"
7000003,Unit Bergen,Afdeling III,KR011D,"-5.37946122758077,105.451596144286"
7000077,Unit Bergen,Afdeling III,KR011E,"-5.65535271830095,105.49061768432"
7000039,Unit Bergen,Afdeling III,KR011F,"-5.66219598606359,105.502749759847"
7000040,Unit Bergen,Afdeling III,KR011G,"-5.66147089234486,105.499636686511"
7000005,Unit Bergen,Afdeling III,KR012D,"-5.36649923723881,105.442043631099"
7000036,Unit Bergen,Afdeling III,KR013D,"-5.36166976602295,105.458548737835"
7000048,Unit Bergen,Afdeling III,KR013E,"-5.36295205145726,105.450997648168"
7000007,Unit Bergen,Afdeling III,KR013F,"-5.36885232363018,105.456715836929"
7000004,Unit Bergen,Afdeling III,KR013G,"-5.37779244039749,105.448436283947"
7000014,Unit Bergen,Afdeling III,KR2002,"-5.37077012907835,105.424625551714"
7000069,Unit Bergen,Afdeling III,KR996B,"-5.34664961525039,105.44141483662"
7000081,Unit Bergen,Afdeling III,,"-5.64998857066116,105.512266458689"
GK05-2025-AFD01-07000015,Unit Kedaton,Afdeling A,KR003A,"-5.37911799827102,105.345026143095"
GK05-2025-AFD01-07000022,Unit Kedaton,Afdeling A,KR004A,"-5.3798847707299,105.35512874328"
GK05-2025-AFD01-07000026,Unit Kedaton,Afdeling A,KR004A,"-5.35256045617818,105.330318345296"
GK05-2025-AFD01-07000012,Unit Kedaton,Afdeling A,KR006A,"-5.37515681117452,105.326059267377"
GK05-2025-AFD01-07000017,Unit Kedaton,Afdeling A,"KR007A
","-5.38549814703807,105.354390766894"
GK05-2025-AFD01-07000018,Unit Kedaton,Afdeling A,KRA005,"-5.3859676430333,105.34621151614"
GK05-2025-AFD01-07000010,Unit Kedaton,Afdeling A,KRA005,"-5.36683290647076,105.32280032063"
GK05-2025-AFD01-07000007,Unit Kedaton,Afdeling A,KRA007,"-5.3561668731662,105.333225791291"
GK05-2025-AFD01-07000028,Unit Kedaton,Afdeling A,KRA009,"-5.35288441637105,105.336716653986"
GK05-2025-AFD01-07000008,Unit Kedaton,Afdeling A,KRA012,"-5.36765850146161,105.32321869435"
GK05-2025-AFD01-07000013,Unit Kedaton,Afdeling A,KRA2004,"-5.39014778804372,105.349360401424"
GK05-2025-AFD01-07000002,Unit Kedaton,Afdeling A,KRB007,"-5.38302162233782,105.329849118916"
GK05-2025-AFD01-07000019,Unit Kedaton,Afdeling A,KRB012,"-5.38075871208006,105.352324077965"
GK05-2025-AFD01-07000264,Unit Kedaton,Afdeling A,KRB012,"-5.35750457352129,105.335868737478"
GK05-2025- -07000068,Unit Kedaton,Afdeling A,,"-5.27445277130363,105.303400291161"
GK05-2025- -07000049,Unit Kedaton,Afdeling A,,"-5.37838292268209,105.389718837931"
GK05-2025-AFD01-07000009,Unit Kedaton,Afdeling A,,"-5.36811587582481,105.331780574687"
GK05-2025- -07000020,Unit Kedaton,Afdeling A,,"-5.37021655985222,105.365448871403"
GK05-2025- -07000087,Unit Kedaton,Afdeling A,,"-5.27303677409153,105.30657306723"
GK05-2025-AFD02-07000036,Unit Kedaton,Afdeling B,KR005D,"-5.35078655267345,105.36600239802"
GK05-2025-AFD02-07000044,Unit Kedaton,Afdeling B,KR005F,"-5.3718189868091,105.376821885956"
GK05-2025-AFD02-07000035,Unit Kedaton,Afdeling B,KR2006,"-5.3517803493605,105.356774590869"
GK05-2025-AFD02-07000031,Unit Kedaton,Afdeling B,KRA007,"-5.35586315555545,105.344100211757"
GK05-2025-AFD02-07000037,Unit Kedaton,Afdeling B,KRA013,"-5.35634376516966,105.364934119286"
GK05-2025-AFD02-07000032,Unit Kedaton,Afdeling B,"KRB009
","-5.35083577512792,105.344732234826"
GK05-2025-AFD02-07000045,Unit Kedaton,Afdeling B,KRE012,"-5.3690665396335,105.365325618559"
GK05-2025-AFD02-07000033,Unit Kedaton,Afdeling B,,"-5.35709107149358,105.353177161537"
GK05-2025-AFD02-07000163,Unit Kedaton,Afdeling B,,"-5.36290823032681,105.36379445586"
GK05-2025-AFD03-07000048,Unit Kedaton,Afdeling C,KR997B,"-5.35958862779686,105.385347447327"
GK05-2025-AFD03-07000046,Unit Kedaton,Afdeling C,KRB011,"-5.3927031890218,105.396930700758"
GK05-2025-AFD03-07000053,Unit Kedaton,Afdeling C,KRF012,"-5.36905090882266,105.401553878145"
GK05-2025-AFD03-07000052,Unit Kedaton,Afdeling C,"KRG012
","-5.38730531846341,105.390664527446"
GK05-2025-AFD03-07000006,Unit Kedaton,Afdeling C,,"-5.37173617730398,105.384291749807"
GK05-2025-AFD03-07000057,Unit Kedaton,Afdeling C,,"-5.37192069208187,105.390402147656"
GK05-2025-AFD03-07000050,Unit Kedaton,Afdeling C,,"-5.37305959500113,105.39342014903"
GK05-2025-AFD05-07000255,Unit Kedaton,Afdeling D,KR002C,"-5.2676202599062,105.314632923121"
GK05-2025-AFD04-07000079,Unit Kedaton,Afdeling D,KR1993,"-5.2795816948768,105.304313326071"
GK05-2025-AFD06-07000090,Unit Kedaton,Afdeling D,KR1994,"-5.28540428331944,105.302946627761"
GK05-2025-AFD05-07000085,Unit Kedaton,Afdeling D,KR1998,"-5.25400311355887,105.316228523146"
GK05-2025-AFD06-07000067,Unit Kedaton,Afdeling D,KR2001,"-5.26888374337463,105.29902425718"
GK05-2025-AFD04-07000081,Unit Kedaton,Afdeling D,KR2003,"-5.28099340605174,105.315163538273"
GK05-2025-AFD04-07000080,Unit Kedaton,Afdeling D,KR2007,"-5.28466559914057,105.314230790537"
GK05-2025-AFD04-07000004,Unit Kedaton,Afdeling D,KR2008,"-5.29241947955652,105.319871377332"
GK05-2025-AFD04-07000078,Unit Kedaton,Afdeling D,KR2009,"-5.2903881058755,105.318022865661"
GK05-2025-AFD05-07000066,Unit Kedaton,Afdeling D,KR999B,"-5.26755572176288,105.307893404695"
GK05-2025-AFD05-07000084,Unit Kedaton,Afdeling D,KRB013,"-5.25217891622059,105.320905084218"
GK05-2025-AFD04-07000082,Unit Kedaton,Afdeling D,KRB995,"-5.27907650843356,105.309510836152"
GK05-2025-AFD04-07000070,Unit Kedaton,Afdeling D,KRC010,"-5.27989758738612,105.324583322872"
GK05-2025-AFD06-07000091,Unit Kedaton,Afdeling D,KRC999,"-5.26798683327286,105.300186846808"
GK05-2025-AFD04-07000071,Unit Kedaton,Afdeling D,KRD005,"-5.28039006373668,105.309687480916"
GK05-2025-AFD06-07000076,Unit Kedaton,Afdeling D,KRD998,"-5.26756269237114,105.296637059085"
GK05-2025-AFD05-07000096,Unit Kedaton,Afdeling D,KRE005,"-5.27084509445073,105.302078154343"
GK05-2025-AFD05-07000083,Unit Kedaton,Afdeling D,KRE009,"-5.256700280795,105.326382663607"
GK05-2025-AFD05-07000065,Unit Kedaton,Afdeling D,KRE010,"-5.26123100251442,105.320849039188"
GK05-2025-AFD06-07000089,Unit Kedaton,Afdeling D,KRF005,"-5.27541398753169,105.299181354156"
GK05-2025-AFD06-07000075,Unit Kedaton,Afdeling D,KRF009,"-5.28409844221112,105.285844508777"
GK05-2025-AFD06-07000074,Unit Kedaton,Afdeling D,KRG009,"-5.28280328207778,105.28972745374"
GK05-2025-AFD06-07000063,Unit Kedaton,Afdeling D,KRG010,"-5.26612938926127,105.288898038239"
GK05-2025-AFD06-07000069,Unit Kedaton,Afdeling D,KRH009,"-5.28430534761296,105.297610485179"
GK05-2025-AFD06-07000073,Unit Kedaton,Afdeling D,KRH010,"-5.27684094659095,105.292761346449"
GK05-2025-AFD05-07000064,Unit Kedaton,Afdeling D,,"-5.26818241121206,105.303498563912"
GK05-2025-AFD05-07000086,Unit Kedaton,Afdeling D,,"-5.26393507481463,105.30288867525"
07000012,Unit Rejosari,Afdeling I,01991A,"-5.42927743535117,105.08704549659"
07000002,Unit Rejosari,Afdeling I,01992A,"-5.41414619663927,105.079180586346"
07000058,Unit Rejosari,Afdeling I,01992B,"-5.31796487007446,104.786223596678"
07000016,Unit Rejosari,Afdeling I,01996A,"-5.44267454487312,105.071076844987"
07000049,Unit Rejosari,Afdeling I,01996C,"-5.31598604219012,104.794878949216"
07000042,Unit Rejosari,Afdeling I,01997A,"-5.30677699801349,104.774945196559"
07000043,Unit Rejosari,Afdeling I,01997B,"-5.30392315874926,104.776983480467"
07000006,Unit Rejosari,Afdeling I,01998A,"-5.41902587041043,105.088832165504"
07000017,Unit Rejosari,Afdeling I,01998B,"-5.44621962339979,105.049725158598"
07000032,Unit Rejosari,Afdeling I,01998C,"-5.46038519706662,105.037761585113"
07000040,Unit Rejosari,Afdeling I,01998D,"-5.47030653267703,105.034259480707"
07000031,Unit Rejosari,Afdeling I,01998E,"-5.47266256400443,105.027435491431"
07000008,Unit Rejosari,Afdeling I,01999A,"-5.42119598363049,105.084582227261"
07000050,Unit Rejosari,Afdeling I,01999B,"-5.32579185447079,104.803166569608"
07000056,Unit Rejosari,Afdeling I,01999C,"-5.31620576310177,104.789056864405"
07000047,Unit Rejosari,Afdeling I,01999D,"-5.30016559229149,104.775889611211"
07000001,Unit Rejosari,Afdeling I,02000A,"-5.41632999589027,105.09137887118"
07000015,Unit Rejosari,Afdeling I,02001A,"-5.4154685449024,105.084967405111"
07000048,Unit Rejosari,Afdeling I,02001B,"-5.3198125630759,104.794060666545"
07000054,Unit Rejosari,Afdeling I,02001C,"-5.31396590972414,104.792589953825"
07000052,Unit Rejosari,Afdeling I,02001D,"-5.31047339742085,104.780993037778"
07000010,Unit Rejosari,Afdeling I,02002A,"-5.4240292853715,105.079255821845"
07000011,Unit Rejosari,Afdeling I,02002B,"-5.42548628324714,105.07907135734"
07000018,Unit Rejosari,Afdeling I,02003A,"-5.45160564139571,105.044932827135"
07000022,Unit Rejosari,Afdeling I,02003B,"-5.44994606491013,105.043371973846"
07000005,Unit Rejosari,Afdeling I,02004A,"-5.43729092283071,105.082985775038"
07000046,Unit Rejosari,Afdeling I,02004B,"-5.31628596626713,104.783540179236"
07000007,Unit Rejosari,Afdeling I,02005A,"-5.43400028193185,105.072430019687"
07000041,Unit Rejosari,Afdeling I,02005B,"-5.29259583267383,104.77423497111"
07000055,Unit Rejosari,Afdeling I,02005C,"-5.29615548515523,104.778942484517"
07000023,Unit Rejosari,Afdeling I,02006A,"-5.4487024857861,105.050080164054"
07000045,Unit Rejosari,Afdeling I,02006B,"-5.30816168858478,104.786684197102"
07000004,Unit Rejosari,Afdeling I,02007A,"-5.42652700041209,105.067289277129"
07000009,Unit Rejosari,Afdeling I,02007B,"-5.42763690141054,105.063972266481"
07000027,Unit Rejosari,Afdeling I,02007C,"-5.47856613645674,105.031448062381"
07000019,Unit Rejosari,Afdeling I,02008A,"-5.43123446633399,105.059482423177"
07000028,Unit Rejosari,Afdeling I,02008B,"-5.46782240604859,105.037677401652"
07000030,Unit Rejosari,Afdeling I,02008B,"-5.46479052034278,105.04086948107"
07000059,Unit Rejosari,Afdeling I,02008D,"-5.31050737839751,104.795677804948"
07000039,Unit Rejosari,Afdeling I,02009A,"-5.49112299639087,105.02648564725"
07000020,Unit Rejosari,Afdeling I,02010A,"-5.44649917580123,105.064896295183"
07000034,Unit Rejosari,Afdeling I,02010B,"-5.49496512130592,105.032573655896"
07000036,Unit Rejosari,Afdeling I,02010C,"-5.49697177010422,105.034439970829"
07000044,Unit Rejosari,Afdeling I,02010D,"-5.3036459889138,104.781416653415"
07000025,Unit Rejosari,Afdeling I,02010E,"-5.43760563814419,105.061569557874"
07000037,Unit Rejosari,Afdeling I,02011A,"-5.46127372742379,105.032841416425"
07000038,Unit Rejosari,Afdeling I,02011B,"-5.46703480662632,105.029029388259"
07000051,Unit Rejosari,Afdeling I,09991B,"-5.30475010111638,104.771496762037"
07000033,Unit Rejosari,Afdeling I,,"-5.49693546851655,105.039301091414"
07000021,Unit Rejosari,Afdeling I,,"-5.45140148029644,105.059459764136"
07000026,Unit Rejosari,Afdeling I,,"-5.44512314309359,105.057681332608"
07000053,Unit Rejosari,Afdeling I,,"-5.32460645715534,104.796347812506"
07000035,Unit Rejosari,Afdeling I,,"-5.47889479289455,105.030904824465"
07000029,Unit Rejosari,Afdeling I,,"-5.47128314879684,105.024840189408"
07000003,Unit Rejosari,Afdeling I,,"-5.41939604120753,105.07029468002"
07000013,Unit Rejosari,Afdeling I,,"-5.42680830314493,105.078652597661"
07000014,Unit Rejosari,Afdeling I,,"-5.40640838401473,105.088667955403"
07000057,Unit Rejosari,Afdeling I,,"-5.30943606151353,104.790408288841"
07000024,Unit Rejosari,Afdeling I,,"-5.44206738920184,105.053489901523"
7000067,Unit Way Berulu,Afdeling A,KR004A,"-4.6209511636543,104.63592568922"
7000072,Unit Way Berulu,Afdeling A,KR004B,"-4.64724214518252,104.635755300889"
7000027,Unit Way Berulu,Afdeling A,KR006A,"-4.62962209497402,104.646176237633"
7000001,Unit Way Berulu,Afdeling A,KR006B,"-4.63444166679641,104.634829786953"
7000016,Unit Way Berulu,Afdeling A,KR2003,"-4.62339342695725,104.647245405437"
7000051,Unit Way Berulu,Afdeling A,KR2005,"-4.63300888456094,104.640358982091"
7000021,Unit Way Berulu,Afdeling A,KR992A,"-4.64226664967912,104.630316779872"
7000061,Unit Way Berulu,Afdeling A,KR993C,"-4.62301324224542,104.64933398556"
7000038,Unit Way Berulu,Afdeling A,KRA011,"-4.55239634042808,104.499473437083"
7000040,Unit Way Berulu,Afdeling A,KRA012,"-4.55475720633199,104.484282491356"
7000037,Unit Way Berulu,Afdeling A,KRA013,"-4.56379501683667,104.491673994053"
7000031,Unit Way Berulu,Afdeling A,KRA014,"-4.55165096189434,104.48394756351"
7000039,Unit Way Berulu,Afdeling A,KRB011,"-4.56419537037013,104.497859007969"
7000046,Unit Way Berulu,Afdeling A,KRB012,"-4.55157426563439,104.485526801127"
7000032,Unit Way Berulu,Afdeling A,KRB013,"-4.55376318655922,104.480240329102"
7000047,Unit Way Berulu,Afdeling A,KRB014,"-4.558666335171,104.495557233975"
7000045,Unit Way Berulu,Afdeling A,KRC012,"-4.56651714955884,104.48864897626"
7000035,Unit Way Berulu,Afdeling A,KRC013,"-4.55162580765403,104.473200203515"
7000030,Unit Way Berulu,Afdeling A,KRC014,"-4.55426924175398,104.475818331337"
7000034,Unit Way Berulu,Afdeling A,,"-4.56013596408252,104.493740251955"
7000033,Unit Way Berulu,Afdeling A,,"-4.56268292500908,104.500178537885"
7000048,Unit Way Berulu,Afdeling A,,"-4.56773796243514,104.484712311519"
7000050,Unit Way Berulu,Afdeling A,,"-4.55793336621269,104.485355971143"
7000082,Unit Way Berulu,Afdeling A,,"-4.5969801272277,104.635721304015"
7000062,Unit Way Berulu,Afdeling A,,"-4.59557485648242,104.62706812036"
7000069,Unit Way Berulu,Afdeling A,,"-4.58512266611974,104.607206097155"
7000049,Unit Way Berulu,Afdeling A,,"-4.554369164329,104.503127353812"
7000036,Unit Way Berulu,Afdeling A,,"-4.56314900764958,104.49597339313"
7000079,Unit Way Berulu,Afdeling B,KR007A,"-4.61635925172615,104.629337790257"
7000063,Unit Way Berulu,Afdeling B,KR007B,"-4.61976232526296,104.629711157511"
7000060,Unit Way Berulu,Afdeling B,KR011A,"-4.6190518335052,104.621586376197"
7000052,Unit Way Berulu,Afdeling B,KR011B,"-4.63324410210861,104.625394482184"
7000017,Unit Way Berulu,Afdeling B,KR2008,"-4.63398352706741,104.628832976499"
7000018,Unit Way Berulu,Afdeling B,KR2009,"-4.62331492007806,104.618068627069"
7000022,Unit Way Berulu,Afdeling B,KR993D,"-4.60407970853286,104.631385345127"
7000024,Unit Way Berulu,Afdeling B,KRA010,"-4.61519948691462,104.621038515744"
7000078,Unit Way Berulu,Afdeling B,,"-4.59520054649131,104.637741127246"
7000081,Unit Way Berulu,Afdeling B,,"-4.6207725187035,104.637889993807"
7000026,Unit Way Berulu,Afdeling B,,"-4.6028654467431,104.633021187137"
7000002,Unit Way Berulu,Afdeling C,KR007C,"-4.58324022079342,104.649512841782"
7000003,Unit Way Berulu,Afdeling C,KR008B,"-4.59236461348923,104.661586365073"
7000004,Unit Way Berulu,Afdeling C,KR008C,"-4.59843193074989,104.65367830064"
7000005,Unit Way Berulu,Afdeling C,KR009B,"-4.57336874931932,104.616320850396"
7000006,Unit Way Berulu,Afdeling C,KR009C,"-4.57444807622228,104.621277895626"
7000007,Unit Way Berulu,Afdeling C,KR009D,"-4.57848778072042,104.612539831615"
7000054,Unit Way Berulu,Afdeling C,KR009D,"-4.58263006292253,104.610708530278"
7000008,Unit Way Berulu,Afdeling C,KR009E,"-4.58316226851947,104.656323552715"
7000009,Unit Way Berulu,Afdeling C,KR009F,"-4.59672428959312,104.661672578124"
7000044,Unit Way Berulu,Afdeling C,KR009G,"-4.6001594864434,104.659472486963"
7000010,Unit Way Berulu,Afdeling C,KR010B,"-4.61831074714542,104.606699793676"
7000011,Unit Way Berulu,Afdeling C,KR010C,"-4.61891474221778,104.596468705613"
7000053,Unit Way Berulu,Afdeling C,KR010D,"-4.57254158101407,104.635616373563"
7000065,Unit Way Berulu,Afdeling C,KR010E,"-4.57880163078817,104.632876201577"
7000012,Unit Way Berulu,Afdeling C,KR010F,"-4.58374244036824,104.62603739912"
7000013,Unit Way Berulu,Afdeling C,KR011C,"-4.60857446378432,104.600406972385"
7000014,Unit Way Berulu,Afdeling C,KR011D,"-4.60846472751142,104.613751991014"
7000041,Unit Way Berulu,Afdeling C,KR012A,"-4.59250867545489,104.616009302621"
7000015,Unit Way Berulu,Afdeling C,KR012B,"-4.58280272884415,104.616198373516"
7000028,Unit Way Berulu,Afdeling C,KR012C,"-4.57124027486923,104.641229189656"
7000070,Unit Way Berulu,Afdeling C,KR012D,"-4.56581696434733,104.622048635186"
7000055,Unit Way Berulu,Afdeling C,KR012D,"-4.56392468875049,104.631374254757"
7000029,Unit Way Berulu,Afdeling C,KR012E,"-4.57104089412286,104.64706218333"
7000076,Unit Way Berulu,Afdeling C,KR013D,"-4.56099323351485,104.638125605727"
7000071,Unit Way Berulu,Afdeling C,KR013E,"-4.56331488283988,104.677447882173"
7000074,Unit Way Berulu,Afdeling C,KR013E,"-4.56833452510613,104.675052361497"
7000058,Unit Way Berulu,Afdeling C,KR013F,"-4.57075843732287,104.68385225177"
7000064,Unit Way Berulu,Afdeling C,KR013F,"-4.57035813065746,104.670727885118"
7000066,Unit Way Berulu,Afdeling C,KR014D,"-4.55087308758553,104.639331534024"
7000042,Unit Way Berulu,Afdeling C,KR014E,"-4.58046999018348,104.66194869254"
7000075,Unit Way Berulu,Afdeling C,KR014E,"-4.57070229978894,104.660697979595"
7000080,Unit Way Berulu,Afdeling C,KR014F,"-4.56714014437956,104.665385259322"
7000083,Unit Way Berulu,Afdeling C,KR014F,"-4.56844326441498,104.664707125169"
7000043,Unit Way Berulu,Afdeling C,KR2010,"-4.60680048584566,104.673596621158"
7000056,Unit Way Berulu,Afdeling C,KR2010,"-4.60846628182354,104.673245141253"
7000019,Unit Way Berulu,Afdeling C,KR2011,"-4.60430338687261,104.66526209257"
7000057,Unit Way Berulu,Afdeling C,KR2011,"-4.60487628393897,104.667333389998"
7000020,Unit Way Berulu,Afdeling C,KR2012,"-4.60510802626697,104.655109961289"
7000068,Unit Way Berulu,Afdeling C,KR984E,"-4.58188419263213,104.643825716808"
7000023,Unit Way Berulu,Afdeling C,KR996A,"-4.55767542062303,104.681988672556"
7000077,Unit Way Berulu,Afdeling C,KR996B,"-4.56144696680657,104.668389428484"
7000025,Unit Way Berulu,Afdeling C,KRD011,"-4.60929545451429,104.661234727706"
7000073,Unit Way Berulu,Afdeling C,KRE012,"-4.61456409335665,104.663845856273"
7000059,Unit Way Berulu,Afdeling C,KRE012,"-4.61149814679898,104.659121659357"
